{"episode_types": ["t", "t", "t", "t", "t", "t", "t", "t", "t", "t", "t", "t", "t", "t", "t", "t", "t", "t", "t", "t", "t", "t", "t", "t", "t", "t", "t", "t", "t", "t", "t", "t", "t", "t", "t", "t", "t", "t", "t", "t", "t", "t", "t", "t", "t", "t", "t", "t", "t", "t", "t", "t", "t", "t", "t", "t", "t", "t", "t", "t", "t", "t", "t", "t", "t", "t", "t", "t", "t", "t", "t", "t", "t", "t", "t", "t", "t", "t", "t", "t", "t", "t", "t", "t", "t", "t", "t", "t", "t", "t", "t", "t", "t", "t", "t", "t", "t", "t", "t", "t", "t", "t", "t", "t", "t", "t", "t", "t", "t", "t", "t", "t", "t", "t", "t", "t", "t", "t", "t", "t", "t", "t", "t", "t", "t", "t", "t", "t", "t", "t", "t", "t", "t", "t", "t", "t", "t", "t", "t", "t", "t", "t", "t", "t", "t", "t", "t", "t", "t", "t", "t", "t", "t", "t", "t", "t", "t", "t", "t", "t", "t", "t", "t", "t", "t", "t", "t", "t", "t", "t", "t", "t", "t", "t", "t", "t", "t", "t", "t", "t", "t", "t", "t", "t", "t", "t", "t", "t", "t", "t", "t", "t", "t", "t", "t", "t", "t", "t", "t", "t", "t", "t", "t", "t", "t", "t", "t", "t", "t", "t", "t", "t", "t", "t", "t", "t", "t", "t", "t", "t", "t", "t", "t", "t", "t", "t", "t", "t", "t", "t", "t", "t", "t", "t", "t"], "episode_lengths": [57, 61, 72, 84, 67, 53, 58, 65, 62, 84, 96, 76, 91, 144, 136, 163, 102, 94, 173, 109, 125, 170, 86, 130, 76, 92, 106, 156, 76, 118, 80, 109, 127, 78, 150, 80, 66, 124, 175, 104, 89, 95, 85, 192, 88, 96, 117, 90, 92, 122, 86, 87, 131, 85, 128, 91, 70, 69, 81, 105, 103, 100, 81, 98, 108, 158, 85, 133, 93, 89, 64, 108, 88, 135, 93, 89, 79, 72, 103, 116, 107, 98, 126, 95, 88, 112, 82, 98, 135, 114, 78, 91, 105, 98, 88, 92, 93, 126, 99, 96, 104, 194, 148, 86, 139, 124, 128, 121, 85, 110, 105, 92, 93, 95, 128, 115, 87, 89, 107, 129, 111, 82, 103, 209, 199, 114, 119, 130, 195, 116, 100, 144, 186, 103, 103, 106, 111, 114, 166, 101, 197, 862, 168, 110, 279, 304, 156, 486, 482, 589, 426, 418, 648, 914, 348, 319, 876, 1000, 596, 1000, 1000, 1000, 1000, 1000, 1000, 324, 145, 161, 162, 395, 222, 88, 108, 130, 146, 223, 255, 1000, 218, 291, 1000, 1000, 365, 266, 1000, 224, 451, 616, 213, 1000, 161, 379, 1000, 929, 231, 330, 1000, 1000, 121, 229, 93, 139, 106, 82, 53, 76, 461, 87, 63, 62, 75, 76, 121, 256, 1000, 1000, 1000, 1000, 1000, 519, 1000, 1000, 856, 1000, 1000, 1000, 801, 690, 772, 1000, 96, 187, 1000, 1000], "timestamps": [1547129737.4627411, 1547129737.4976873, 1547129737.5381846, 1547129737.5827541, 1547129737.6183157, 1547129737.646558, 1547129737.6728444, 1547129737.7019563, 1547129737.7326593, 1547129737.7743073, 1547129737.7983198, 1547129737.8168905, 1547129737.837283, 1547129737.877933, 1547129737.9130461, 1547129737.9605286, 1547129737.9834263, 1547129738.0050292, 1547129738.0566251, 1547129738.0840676, 1547129738.1137471, 1547129738.1774704, 1547129738.1982021, 1547129738.234162, 1547129738.2528346, 1547129738.275973, 1547129738.301327, 1547129738.345072, 1547129738.3629484, 1547129738.3926523, 1547129738.41094, 1547129738.4354415, 1547129738.4678159, 1547129738.4878552, 1547129738.532948, 1547129738.5533078, 1547129738.5680573, 1547129738.5996292, 1547129738.6539032, 1547129738.679986, 1547129738.701896, 1547129738.728237, 1547129738.7497597, 1547129738.821195, 1547129738.842166, 1547129738.86612, 1547129738.8965874, 1547129738.918483, 1547129738.940181, 1547129738.975682, 1547129738.9947834, 1547129739.0153048, 1547129739.0502105, 1547129739.0704894, 1547129739.109445, 1547129739.1314254, 1547129739.1473415, 1547129739.1618645, 1547129739.1821969, 1547129739.2044644, 1547129739.227805, 1547129739.2535734, 1547129739.2728686, 1547129739.293573, 1547129739.3185155, 1547129739.3636892, 1547129739.3835545, 1547129739.4181845, 1547129739.4401891, 1547129739.4609802, 1547129739.4742064, 1547129739.4992523, 1547129739.5199554, 1547129739.553635, 1547129739.5766387, 1547129739.5957599, 1547129739.6131887, 1547129739.628222, 1547129739.6528165, 1547129739.6823823, 1547129739.7069604, 1547129739.730623, 1547129739.7617078, 1547129739.7821913, 1547129739.8031845, 1547129739.8282545, 1547129739.8474247, 1547129739.8713214, 1547129739.9057097, 1547129739.9334116, 1547129739.9510334, 1547129739.972498, 1547129739.9981413, 1547129740.0223298, 1547129740.0425928, 1547129740.0629733, 1547129740.0851762, 1547129740.1208098, 1547129740.1417348, 1547129740.165145, 1547129740.1884782, 1547129740.2565837, 1547129740.2966821, 1547129740.3165908, 1547129741.0011225, 1547129741.7609212, 1547129742.5337522, 1547129743.2588506, 1547129743.775066, 1547129744.4364498, 1547129744.5303447, 1547129744.602935, 1547129744.6862364, 1547129744.760834, 1547129744.8665588, 1547129744.963474, 1547129745.0285535, 1547129745.1014018, 1547129745.2026207, 1547129745.319729, 1547129745.9670634, 1547129746.4522488, 1547129747.0623133, 1547129748.3175485, 1547129749.5228248, 1547129750.205534, 1547129750.916777, 1547129751.684008, 1547129752.8607633, 1547129753.5466528, 1547129754.129808, 1547129754.9791234, 1547129756.0959666, 1547129756.7077472, 1547129757.3077402, 1547129757.9293425, 1547129758.5786228, 1547129759.2535534, 1547129760.237447, 1547129760.8416858, 1547129762.040481, 1547129768.5121312, 1547129769.5160768, 1547129770.1601236, 1547129771.865017, 1547129773.77594, 1547129774.720352, 1547129777.9926777, 1547129781.0957365, 1547129785.0669785, 1547129787.8606482, 1547129790.613282, 1547129795.1450024, 1547129802.025473, 1547129804.2342622, 1547129806.2557876, 1547129813.1019313, 1547129820.405583, 1547129824.291623, 1547129831.7144847, 1547129838.683107, 1547129846.8264358, 1547129853.5042136, 1547129860.1980796, 1547129866.954972, 1547129869.0772338, 1547129869.9769185, 1547129870.9394293, 1547129871.9140413, 1547129874.483023, 1547129875.877345, 1547129876.392261, 1547129877.0372882, 1547129877.8123384, 1547129878.6870203, 1547129880.1316533, 1547129881.7232444, 1547129889.339062, 1547129890.6720676, 1547129892.5196133, 1547129900.2341952, 1547129906.7969878, 1547129909.2301745, 1547129910.8962984, 1547129918.2839365, 1547129919.6826062, 1547129922.8003523, 1547129927.281228, 1547129928.5852983, 1547129936.2919216, 1547129937.2903516, 1547129939.8477695, 1547129947.045295, 1547129953.53773, 1547129954.9837625, 1547129957.138274, 1547129964.5878448, 1547129972.3078701, 1547129973.0292501, 1547129974.454544, 1547129975.0054793, 1547129975.8497567, 1547129976.4835222, 1547129976.9590871, 1547129977.270989, 1547129977.7167501, 1547129981.062351, 1547129981.5767062, 1547129981.9565547, 1547129982.3164303, 1547129982.7597811, 1547129983.2152936, 1547129983.9442687, 1547129985.5471978, 1547129993.5418284, 1547130001.7301795, 1547130010.2917235, 1547130019.6186297, 1547130029.17713, 1547130032.7544982, 1547130035.4031763, 1547130038.4595082, 1547130041.223907, 1547130043.9771707, 1547130045.6376035, 1547130048.056774, 1547130050.386971, 1547130052.2614398, 1547130054.6251528, 1547130056.9058702, 1547130057.4863963, 1547130058.625098, 1547130066.3425748, 1547130073.9225562], "initial_reset_timestamp": 1547129737.308533,